product_link,product_name,images,price
https://ta.tokopedia.com/promo/v1/clicks/8a-xgVY2gmUEosHaH_KRopJDUMVj9RzNrc1i6sJDUSC5rfB7q3YXUsthbm-7q3OBUsthosndH_jpH_17bm-srcHi6sKFHmFiqfuNPfYagVY2gmUEH_1fHp1dHAKDUMVj9RosQR-BUstaopKXHp1Fos1dHA1ao_yR6mFirpowQcYSUstig9BGqMzUZMggQj2fgAo6QJBkQfBoe7BpZ3O6HcoD692qu7gN3_-Sq1Y2Z92HqB1h_92-o1Y11_uoqj77_BzsoJNEZ3BHe72a3BxDHfUpZMWyH7NkysoGQJBkQfBoepzR_SB-r7BWo9giQ1NDZ325q1Y1__uoHj17_32uPV2J3MWqepnF_jz-Hjh9Z_ovuJu7_jzDqV21192vz72D_1PVHJB2PfBiH72F3s-DPuKa1MhszsBF3jo-ojBke3BHe72fyfODQMV9o3gsZJ2f3jx3qMzc69Cqe7jfZ32Cq1hAZSgsQ3hXyurOgMHaqIgszsBF3jo-ojBke3BHe72dgVP383u36_CgufzEZ325q3Jp1MgszfxN3ux6QJB2PfBsHjNfyfO3gBBXZSgjH7NDZ325q1OAZ9o-QjNkysoGQVKp_Mhg3J2ky1o-ojBkZ_ovepzE_BzCHjN1gRP6uJjh_M2soJBXHA7ibm-Orfua9fBjUstiHmUDUMVDgaUEUMW79RCtrMVpgZUDUMNOQ3-BrBY5gBYxgIHi6sUFbm-XP3Oig9-wy3zp9R-BrZUEHsnDUMoxPVY2gIHi6BDhop1NbAJdHAHDH_KfoV7DUMNwyfVXgcBjy9zB9fVjraUEH_Hpbm-xyBY7g9o7Usti_iUDUSC5rRzwy3hSUstiyRCs9RotQRCwP3NhUiFiPMuarfB5QiUEUSyaUiFiyfV7g3P5rSBwrRuSgfupPVYxPIzaq3-OPc1i6BDiH_KfoZUDUsJNo_UibmUh6Ay7UiFiH_jpomUDUsHfUBOY?page=5&dv=desktop&src=search&is_search=1&management_type=1&r=https%3A%2F%2Fwww.tokopedia.com%2Fraynooptik%2Fkacamata-pria-club-master-sunglasses%3Fsrc%3Dtopads&keywords=kacamata&ob=23&t=desktop,Kacamata pria Club master Sunglasses,https://ecs7-p.tokopedia.net/img/cache/200-square/VqbcmM/2020/8/27/c4bc19bd-b018-4858-94fc-8b8fd9e15e65.jpg.webp,Rp225.000
https://ta.tokopedia.com/promo/v1/clicks/8a-xgVY2gmUEosrOosrOHArDUMVj9RzNrc1i6sJDUSC5rfB7q3YXUstabm-7q3OBUsthosndH_jpH_17bm-srcHi6sjOHmFiqfuNPfYagVY2gmUEHsnpoAypop1DUMVj9RosQR-BUstaopKXHpnd6_HpH_rhosJNo_rDUSHp9fh5gaUEUMuNZM2jZJ2M33NGPMep_Mh-qMY2_1o-r7BW_sCsQABE3BPc8ujagfBvq1BRZ3BRq3JausujHsBN3jyN8Bja69Bq17jfZ32CP1O1_92ouJjhZ3BRq3-W69ugHBu2_fB-o1OEqR2gucPN_BHhq7NW1MWHuVJF_32gPVBkypuo1pnF_OPcQJNJ__zgQuuR3uzzq1hAZSgsQ3hXyurOgB2IuSPyHMh0Z325q1OAZ9o-Q_BNyuPjrc-D69PsQ_B0gVP6HVKaQcW-qMY2_1o-r7BW69BxufzFyMFN8MVI69PyHMh0Z325q1OAZ9o-Qjyh3BxGouKp1MxqH7O2_fBGrMzc63hBz7gkgJo-r7BX_M2iH72D3A-G83UpgI2q17jfZ32Cq1hAZS2gHsBN3ByN8B29zSBgHMP2_fB-81NEgRuo8jJ7_Ozo8jO1yRx6qj1O_Bzsq3gzv_7ibm-Orfua9fBjUstiHmUDUMVDgaUEUMW79fudy3o7UiFiQSuWyMua9fYM9fVjraUEHsnDUMNOQ3-BrBYxgIowrMuhUstaHmFiyfV79fBjraUE3pJRo_KDH_jpHiFh6_1a9ZFiQBYsy3Njq3zxPcuwy3zpUsthHpHDUMVi9RzBrRei6i-6UiFircYpPVYxQcri6i-srcowrfx5rVYOQSJibm-fg9-pq3YXUstiPsUibm-sy9zBgfYa8uYpP3PSg9o79fV7PI-2ySu7gZUE3aUh6AyOUiFiH_jOHiUDUsJdoseibmUh6_H7UiFiHpyi997?keywords=kacamata&t=desktop&page=5&src=search&management_type=1&dv=desktop&is_search=1&r=https%3A%2F%2Fwww.tokopedia.com%2Fdomas-kacamata%2Fkacamata-bulat-korea-wanita-gratis-lensa-radiasi-minus-lensa-crmc%3Fsrc%3Dtopads&ob=23,kacamata bulat korea wanita gratis lensa radiasi minus - Lensa CRMC,https://ecs7-p.tokopedia.net/img/cache/200-square/VqbcmM/2020/10/10/7dc9d65d-9b46-4862-8275-be1dc96fba6b.jpg.webp,Rp110.000
https://ta.tokopedia.com/promo/v1/clicks/8a-xgVY2gmUEosKf6_KFHseDUMVj9RzNrc1i6sJDUSC5rfB7q3YXUstpbm-7q3OBUsthosndH_jpH_17bm-srcHi6sJFo_nDUMWB89P5rMzwq3ei6sUFosyO6_rdbm-xgVYpyfYagZUEHsrdbsnFHAef6_nao_1NHseObm-pHOYDQfri6i-B812kgJxGgBBXZSgjH7NDZ325q1OAZ9o-Q1dFyfFN8B29zSBgHMP2_fB-P7B2PfBxHByOgAUN8u2c692gHsBN3Bo-ojBke9uouVVd_7zsH1B2PfBiQ_BO3_-uq1Y2Z_uo8MWE3uzS81N_H3W6Qu-0_VzzHJOk39zgqMHO_uHFHJY9zMh6zJ7733OuPOB113BHe72fyfODQMV9o3gqzOgR3A-Dq7BkQfBoe7BpZ37N83V9gICiQABRyf7Nqfz9_sCyHMh0Z325q1OAZ9o-Q_BNyuPjrc-D692xzpBR3A-Dq7BkQfBoe7BpZ3NcHu2yZsuyHO-t3sooq1Y2ZS-jzsBDg1PcqMzAZ9o-QjNkysoGQVKaZSBiHfzE3Bo-ojBke3BHe72E3_UN8u23692qu7gN3_-Sq1Y2Z9B68MPO_1zCP7NJ3_uozJjh_Bz081NJu3BM1_7YUiFiP9oBrBY2gmUEUsnibm-xQcri6i-0PVYB8cVsPmUDUMNOQ3-BrBY5gBYxgIHi6sUFbm-XP3Oig9-wy3zp9R-BrZUEHsnDUMoxPVY2gIHi6BDhop1NbAJdHAHDH_Kfou7DUMNwyfVXgcBjy9zB9fVjraUEH_Hpbm-xyBY7g9o7Usti_iUDUSC5rRzwy3hSUstiyRCs9RotQRCwP3NhUiFiPMuarfB5QiUEUSyaUiFiyfV7g3P5rSBwrRuSgfupPVYxPIzaq3-OPc1i6BDiH_KfoZUDUsJNo_UibmUh6Ay7UiFiH_jpomUDUsHfUBOY?keywords=kacamata&page=5&dv=desktop&is_search=1&t=desktop&src=search&r=https%3A%2F%2Fwww.tokopedia.com%2Far-olshop808%2Fkacamata-sepeda-razor-blades-kacamata-razorblades-sunglass-polarized-1%3Fsrc%3Dtopads&ob=23&management_type=1,Kacamata Sepeda Razor Blades Kacamata RazorBlades Sunglass Polarized 1,https://ecs7-p.tokopedia.net/img/cache/200-square/product-1/2020/8/12/17109177/17109177_9997f47b-b6c8-43a6-97c7-4709807602ee_768_768.webp,Rp115.000
https://ta.tokopedia.com/promo/v1/clicks/8a-xgVY2gmUE6AnNHAJRHAeDUMVj9RzNrc1i6sJDUSC5rfB7q3YXUst7bm-7q3OBUsthosndH_jpH_17bm-srcHi6sJFHAnDUMWB89P5rMzwq3ei6sUfosHhop1hbm-xgVYpyfYagZUEHsrRbsraoAjOH_n7osjf6AK7bm-pHOYDQfri6i-B812kgJxGgBBXZSgjH7NDZ325q1OAZ9o-Q1dFyfFN8B29zSBgHMP2_fB-P7B2PfBxHByOgAUN8u2c692gHsBN3Bo-ojBke9uouJ7p_Bo-r7BWo9giQ1NDZ325q1Y1__uoHj17_32uPV2J3MWqepnF_jz-Hjh9Z_ovuJu7_jzDqV21192vz72D_1PVHJB2PfBiH72F3s-DPuKa1MhszsBF3jo-ojBke3BHe72fyfODQMV9o3gsZJ2f3jx3qMzc69Cqe7jfZ32Cq1hAZSgsQ3hXyurOgMHaqIgszsBF3jo-ojBke3BHe72dgVP383u36_CgufzEZ325q3Jp1Mgq3cxt3_ozq1hAZS2gHsBN3ByNq3oW6_osHBu2_fB-P7B2PfBsHjNfyfO3gMHauMxsQ1N5Z325q1OkypoHqMoN_jz0H1O1e_C6qMDa_7zSHJBXHA7ibm-Orfua9fBjUstiHmUDUMVDgaUEUMW79fudy3o7UiFiQSuWyMua9fYM9fVjraUEHsnDUMNOQ3-BrBYxgIowrMuhUstaHmFiyfV79fBjraUE3pJRo_jDH_KFHaFh6AyO9ZFiQBYsy3Njq3zxPcuwy3zpUsthHpHDUMVi9RzBrRei6i-6UiFircYpPVYxQcri6i-srcowrfx5rVYOQSJibm-fg9-pq3YXUstiPsUibm-sy9zBgfYa8uYpP3PSg9o79fV7PI-2ySu7gZUE3aUh6AyOUiFiH_jOHiUDUsJdoseibmUh6_H7UiFiHpyi997?is_search=1&r_replacement=new&keywords=kacamata&ob=23&dv=desktop&management_type=1&t=desktop&r=https%3A%2F%2Fwww.tokopedia.com%2Fernahshop%2Fkacamata-lensa-photocromik-2125-bisa-buat-lensa-minus-normal-cyl%3Fsrc%3Dtopads&page=5&src=search,kacamata lensa photocromik 2125 bisa buat lensa minus/normal /cyl,https://ecs7-p.tokopedia.net/img/cache/200-square/VqbcmM/2020/12/5/c9c1e790-38b2-43da-8ec7-ac14b363e20d.jpg.webp,Rp150.000
https://ta.tokopedia.com/promo/v1/clicks/8a-xgVY2gmUEosKf6_KFHsJDUMVj9RzNrc1i6sJDUSC5rfB7q3YXUstObm-7q3OBUsthosndH_jpH_17bm-srcHi6sJFo_nDUMWB89P5rMzwq3ei6sUFosyO6_rdbm-xgVYpyfYagZUEHsrRbsyN6AehHp1ao_1NHseDUSHp9fh5gaUEUMuNZM2jZJ2M33NGPMep_Mh-qMY2_1o-r7BW_sCsQABE3BPc8ujagfBvq1BRZ3BRq3JausujHsBN3jyN8Bja69Bq17jfZ32CP1O119xvzcHhZ3BRq3-W69ugHBu2_fB-o1OEqR2gucPN_BHhq7NW1MWHuVJF_32gPVBkypuo1pnF_OPcQJNJ__zgQuuR3uzzq1hAZSgsQ3hXyurOgB2IuSPyHMh0Z325q1OAZ9o-Q_BNyuPjrc-D69PsQ_B0gVP6HVKaQcW-qMY2_1o-r7BW69BxufzFyMFN8MVI69PyHMh0Z325q1OAZ9o-Qjyh3BxGouKp1MxqH7O2_fBGrMzc63hBz7gkgJo-r7BX_M2iH72D3A-G83UpgI2q17jfZ32Cq1hAZS2gHsBN3ByN8B29zSBgHMP2_fB-81NEyRu6qMD7_jzV8jN1Z_V6ucWN_joG6ZUDUSupg9-wq3ei6iUFUiFiy3hSUstiqRzwg9xxyReibm-XP3Oig9-wQfgwy3zpUstaHmFiQSuWyMua9fVjrOYag9Ji6sUFbm-sy9zwq3zpUs2QH_rO6ZFh6AnpbAJdosuPbm-X9foxQMz2gcV7guYxgIHi6sJpHaFiy3-wPcupPmUEUjdibm-FQRo79fVDgaUEUMoFyOYpqcYF9RuXrZUDUSgBrSo2Qfdi6i-fHiUDUMoxPcuSQR-N9RoOgfPBrRzwy9z7rMBiP9zBUs2QUsJdos1ibmUh6_1aUiFiH_KfomUDUsJNHpeibmUpoi-Pwe?r=https%3A%2F%2Fwww.tokopedia.com%2Far-olshop808%2Fkacamata-sepeda-mtb-oak-ley-quantum-minus-plus-motor-frame-polarized-6%3Fsrc%3Dtopads&src=search&dv=desktop&management_type=1&page=5&ob=23&is_search=1&t=desktop&keywords=kacamata,Kacamata Sepeda MTB Oak*Ley Quantum Minus Plus Motor Frame Polarized 6,https://ecs7-p.tokopedia.net/img/cache/200-square/product-1/2019/4/6/17109177/17109177_ef7d3bfb-b6b0-4479-a21f-6e1e45c4583e_768_768.jpg.webp,Rp195.000
https://www.tokopedia.com/marketstores-1/kacamata-face-shield-nagita-anti-fog-ready-import?whid=0,kacamata face shield nagita anti fog ready import,https://ecs7-p.tokopedia.net/img/cache/200-square/VqbcmM/2020/9/3/f61c97a7-625b-4d39-9bd6-e617a0de63b1.jpg.webp,Rp2.450
https://www.tokopedia.com/oila/kacamata-fashion-wanita-retro-round-mocha-sunglasses-jgl106-cream?whid=0,kacamata fashion wanita retro round mocha sunglasses jgl106,https://ecs7-p.tokopedia.net/img/cache/200-square/product-1/2019/9/26/7907015/7907015_af6e13ea-ebfd-4eae-88a4-e9ec14671939_600_600.webp,Rp15.500
https://www.tokopedia.com/dtujakarta/face-shield-kacamata-anti-oil-mask-original-box-box-takumi?whid=0,Face Shield Kacamata Anti Oil Mask Original BOX,https://ecs7-p.tokopedia.net/img/cache/200-square/product-1/2020/9/2/20170098/20170098_f84bd954-9884-4aa9-a728-336025091665_2048_2047.webp,Rp5.500
https://www.tokopedia.com/greyjack/grey-jack-kacamata-hitam-wanita-sunglasses-1108?whid=0,Grey Jack/ Kacamata Hitam Wanita/ Sunglasses /1108,https://ecs7-p.tokopedia.net/img/cache/200-square/product-1/2019/7/3/64777077/64777077_558aa931-c3f6-46f7-a56a-f73a23dfbeb0_2048_2048.webp,Rp199.000
https://www.tokopedia.com/accterbaik/kacamata-mata-kucing-korea-wanita-keren-trendy-fashion-kmd42-coffee?whid=0,Kacamata Mata Kucing Korea Wanita Keren Trendy Fashion KMD42,https://ecs7-p.tokopedia.net/img/cache/200-square/product-1/2019/12/23/15111996/15111996_93650346-f09b-41ef-9b79-d598afd6405e_640_640.webp,Rp5.450
https://www.tokopedia.com/greyjack/grey-jack-face-shield-kacamata?whid=0,Grey Jack face shield kacamata,https://ecs7-p.tokopedia.net/img/cache/200-square/product-1/2020/8/5/64777077/64777077_58415bc3-2877-440e-b888-3a698ac93858_1000_1000.webp,Rp4.900
https://www.tokopedia.com/revshop/kacamata-korea-kotak-free-lensa-minus?whid=0,Kacamata Korea Kotak Free Lensa Minus,https://ecs7-p.tokopedia.net/img/cache/200-square/product-1/2019/5/7/345576900/345576900_12e6d139-e5e8-4384-b8dd-9c5542d0dfd7_2048_2048.jpg.webp,Rp135.000
https://www.tokopedia.com/thewinnerfiz/kacamata-baca-lensa-kaca-asli-bisa-di-lipat-stanlis?whid=0,kacamata baca lensa kaca asli bisa di lipat stanlis,https://ecs7-p.tokopedia.net/img/cache/200-square/product-1/2019/1/19/2608144/2608144_547027cf-4ddc-4c46-afbd-1e631c200a8f_800_800.jpg.webp,Rp60.000
https://www.tokopedia.com/shenicmir/kacamata-anti-virus-korona-corona-debu-google?whid=0,kacamata anti virus / korona / corona / debu / google,https://ecs7-p.tokopedia.net/img/cache/200-square/product-1/2020/3/22/3492371/3492371_cda78896-717b-478a-8bb5-2c189e1312e9_877_877.jpg.webp,Rp7.000
https://www.tokopedia.com/dokterkacamataid/frame-kacamata-baca-lensa-minus-plus-pria-wanita-korea-fashion-dbp9132-hitam?whid=0,Frame Kacamata Baca Lensa Minus Plus Pria Wanita Korea Fashion DBP9132,https://ecs7-p.tokopedia.net/img/cache/200-square/product-1/2019/10/25/79766593/79766593_7edfe51f-f6d8-4727-a299-9768c0c76465_1000_1000.webp,Rp120.000
https://ta.tokopedia.com/promo/v1/clicks/8a-xgVY2gmUEo_nO6_nho_JDUMVj9RzNrc1i6sJDUSC5rfB7q3YXUstfbm-7q3OBUsthosndH_jpH_17bm-srcHi6sKFHmFiqfuNPfYagVY2gmUEH_KN6AeaHpUDUMVj9RosQR-BUstaoprXHpraoprao_HRoseabm-pHOYDQfri6i-B812kgJxGgBBXZSgjH7NDZ325q1OAZ9o-Q1dFyfFN8B29zSBgHMP2_fB-8jhkyRPo8MoR_92sP7OEyRPo8MoR_92oq1hAZS-q3cFpysoGqOKp_M2iH72DZ325q1OAoIxoqjVR_1zCP7OJe9PozJVR_1zCP7O_Z9o-Q_ufyMO6QJBkQfBvuJ7O__-VoJOku9zqzV203jHFHJNJZ_-Hu7jp_OzVPJNJQcxquVVE_7PGQJOIz_C-q9P2ysoGrVtaQIuyHB-Dy7yNrV2AZ_g-qjV2_JoGPMoWQcNxupuMy7xGPB2UuM2jzsBF3jo-ojBke3BHe72fyfODQMV9o3gsHMxfy7yNrV2AZ_g-qjV2_JoG8cz9uSBBusjF3uPj8jBkQfBxHO-M3BxtqVjp13BHe72E3_UN8u2363BsQ_jpyp-uq1Y2Z9P-q9P2yp-6PMoWuMgsHBgtyfO6Q7BkQfBoqMHp_c2oH7OkypooqBuE_S2gHJO2Zsjibm-Orfua9fBjUstiHmUDUMVDgaUEUMW79fudy3o7UiFiQSuWyMua9fYM9fVjraUEHsnDUMNOQ3-BrBYxgIowrMuhUstaHmFiyfV79fBjraUE3pJRo_jDH_KFHaFh6AyO9ZFiQBYsy3Njq3zxPcuwy3zpUsthHpHDUMVi9RzBrRei6i-6UiFircYpPVYxQcri6i-srcowrfx5rVYOQSJibm-fg9-pq3YXUstiPsUibm-sy9zBgfYa8uYpP3PSg9o79fV7PI-2ySu7gZUE3aUh6AyOUiFiH_jOHiUDUsJdoseibmUh6_H7UiFiHpyi997?keywords=kacamata&page=5&t=desktop&r=https%3A%2F%2Fwww.tokopedia.com%2Fzonakacamataid%2Fframe-kacamata-pria-wanita-round-vintage-2736-black-minus-by-zk%3Fsrc%3Dtopads&is_search=1&ob=23&dv=desktop&management_type=1&src=search,Frame Kacamata -Pria/Wanita -Round Vintage 2736 Black- Minus by zk,https://ecs7-p.tokopedia.net/img/cache/200-square/VqbcmM/2020/8/17/9ccf51c4-effd-4184-8b1c-38f37a6f5ce5.jpg.webp,Rp234.000
https://ta.tokopedia.com/promo/v1/clicks/8a-xgVY2gmUEosKf6_KFoAeDUMVj9RzNrc1i6sJDUSC5rfB7q3YXUstRbm-7q3OBUsthosndH_jpH_17bm-srcHi6sJFo_nDUMWB89P5rMzwq3ei6sUFosyO6_rdbm-xgVYpyfYagZUEHsrRbs1pH_HdoA1ao_1NHse7bm-pHOYDQfri6i-B812kgJxGgBBXZSgjH7NDZ325q1OAZ9o-Q1dFyfFN8B29zSBgHMP2_fB-P7B2PfBxHByOgAUN8u2c692gHsBN3Bo-ojBke9uouVVd_7zsH1B2PfBiQ_BO3_-uq1Y2Z_uo8MWE3uzS81N_H3W6Qu-0_VzzHJOk39zgqMHO_uHFHJY9zMh6zJ7733OuPOB113BHe72fyfODQMV9o3gqzOgR3A-Dq7BkQfBoe7BpZ37N83V9gICiQABRyf7Nqfz9_sCyHMh0Z325q1OAZ9o-Q_BNyuPjrc-D692xzpBR3A-Dq7BkQfBoe7BpZ3NcHu2yZsuyHO-t3sooq1Y2ZS-jzsBDg1PcqMzAZ9o-QjNkysoGQVKaZSBiHfzE3Bo-ojBke3BHe72E3_UN8u23692qu7gN3_-Sq1Y2Z9B68MoO_Bzo8JOEgpC6uJjh_Bz081NJ13BM1_7YUiFiP9oBrBY2gmUEUsnibm-xQcri6i-0PVYB8cVsPmUDUMNOQ3-BrBY5gBYxgIHi6sUFbm-XP3Oig9-wy3zp9R-BrZUEHsnDUMoxPVY2gIHi6BDhop1NbAJdHAHDH_Kfou7DUMNwyfVXgcBjy9zB9fVjraUEH_Hpbm-xyBY7g9o7Usti_iUDUSC5rRzwy3hSUstiyRCs9RotQRCwP3NhUiFiPMuarfB5QiUEUSyaUiFiyfV7g3P5rSBwrRuSgfupPVYxPIzaq3-OPc1i6BDiH_KfoZUDUsJNo_UibmUh6Ay7UiFiH_jpomUDUsHfUBOY?src=search&is_search=1&page=5&t=desktop&management_type=1&keywords=kacamata&ob=23&dv=desktop&r=https%3A%2F%2Fwww.tokopedia.com%2Far-olshop808%2Fkacamata-sepeda-roadbike-mtb-kacamata-quantum-frame-minus-frame-plus-2%3Fsrc%3Dtopads,Kacamata Sepeda Roadbike MTB Kacamata Quantum Frame Minus Frame Plus 2,https://ecs7-p.tokopedia.net/img/cache/200-square/product-1/2019/4/6/17109177/17109177_5135e3d0-820f-4ac4-afc1-23d2056670ae_768_768.jpg.webp,Rp195.000
https://ta.tokopedia.com/promo/v1/clicks/8a-xgVY2gmUEosHFoAHNHs1DUMVj9RzNrc1i6sJDUSC5rfB7q3YXUstdbm-7q3OBUsthosndH_jpH_17bm-srcHi6sJFHAnDUMWB89P5rMzwq3ei6sUhoAya6_JFbm-xgVYpyfYagZUEHsrfbs1hosUp6Ar7HsHF6_yRbm-pHOYDQfri6i-B812kgJxGgBBXZSgjH7NDZ325q1OAZ9o-Q1dFyfFN8B29zSBgHMP2_fB-P7B2PfBxHByOgAUN8u2c692gHsBN3Bo-ojBke9uouJ7p_Bo-r7BWo9giQ1NDZ325q1Y1__uoHj17_32uPV2J3MWqepnF_jz-Hjh9Z_ovuJu7_jzDqV21192vz72D_1PVHJB2PfBiH72F3s-DPuKa1MhszsBF3jo-ojBke3BHe72fyfODQMV9o3gsZJ2f3jx3qMzc69Cqe7jfZ32Cq1hAZSgsQ3hXyurOgMHaqIgszsBF3jo-ojBke3BHe72dgVP383u36_CgufzEZ325q3Jp1Mgq3cxt3_ozq1hAZS2gHsBN3ByNq3oW6_osHBu2_fB-P7B2PfBsHjNfyfO3gMHauMxsQ1N5Z325q1Okyp-HqBud_M2-8jYJypCoqjOR_OzgH7BXHA7ibm-Orfua9fBjUstiHmUDUMVDgaUEUMW79fudy3o7UiFiQSuWyMua9fYM9fVjraUEHsnDUMNOQ3-BrBYxgIowrMuhUstaHmFiyfV79fBjraUE3pJRo_KDH_jpHiFh6_1a9ZFiQBYsy3Njq3zxPcuwy3zpUsthHpHDUMVi9RzBrRei6i-6UiFircYpPVYxQcri6i-srcowrfx5rVYOQSJibm-fg9-pq3YXUstiPsUibm-sy9zBgfYa8uYpP3PSg9o79fV7PI-2ySu7gZUE3aUh6AyOUiFiH_jOHiUDUsJdoseibmUh6_H7UiFiHpyi997?t=desktop&r=https%3A%2F%2Fwww.tokopedia.com%2Fmitromata%2Fframe-dior-lensa-supersin-mc%3Fsrc%3Dtopads&src=search&is_search=1&management_type=1&keywords=kacamata&page=5&ob=23&dv=desktop,frame Dior & lensa supersin MC,https://ecs7-p.tokopedia.net/img/cache/200-square/VqbcmM/2020/8/26/cd7ad2af-6229-493d-9924-7a1a481fbb54.jpg.webp,Rp145.000
https://ta.tokopedia.com/promo/v1/clicks/8a-xgVY2gmUEosKf6_KFHsUDUMVj9RzNrc1i6sJDUSC5rfB7q3YXUstNbm-7q3OBUsthosndH_jpH_17bm-srcHi6sJFo_nDUMWB89P5rMzwq3ei6sUFosyO6_rdbm-xgVYpyfYagZUEHsrRbs1aHsJfH_1ao_1NHseDUSHp9fh5gaUEUMuNZM2jZJ2M33NGPMep_Mh-qMY2_1o-r7BW_sCsQABE3BPc8ujagfBvq1BRZ3BRq3JausujHsBN3jyN8Bja69Bq17jfZ32CP1O119xvzcHhZ3BRq3-W69ugHBu2_fB-o1OEqR2gucPN_BHhq7NW1MWHuVJF_32gPVBkypuo1pnF_OPcQJNJ__zgQuuR3uzzq1hAZSgsQ3hXyurOgB2IuSPyHMh0Z325q1OAZ9o-Q_BNyuPjrc-D69PsQ_B0gVP6HVKaQcW-qMY2_1o-r7BW69BxufzFyMFN8MVI69PyHMh0Z325q1OAZ9o-Qjyh3BxGouKp1MxqH7O2_fBGrMzc63hBz7gkgJo-r7BX_M2iH72D3A-G83UpgI2q17jfZ32Cq1hAZS2gHsBN3ByN8B29zSBgHMP2_fB-81NEyRu6uJBN_uzg8JN1Z_V6ucWN_joG6ZUDUSupg9-wq3ei6iUFUiFiy3hSUstiqRzwg9xxyReibm-XP3Oig9-wQfgwy3zpUstaHmFiQSuWyMua9fVjrOYag9Ji6sUFbm-sy9zwq3zpUs2QH_rO6ZFh6AnpbAJdosuPbm-X9foxQMz2gcV7guYxgIHi6sJpHaFiy3-wPcupPmUEUjdibm-FQRo79fVDgaUEUMoFyOYpqcYF9RuXrZUDUSgBrSo2Qfdi6i-fHiUDUMoxPcuSQR-N9RoOgfPBrRzwy9z7rMBiP9zBUs2QUsJdos1ibmUh6_1aUiFiH_KfomUDUsJNHpeibmUpoi-Pwe?ob=23&t=desktop&is_search=1&dv=desktop&r=https%3A%2F%2Fwww.tokopedia.com%2Far-olshop808%2Fkacamata-sepeda-roadbike-kacamata-gowes-kacamata-kacamata-mtb-04%3Fsrc%3Dtopads&keywords=kacamata&page=5&management_type=1&src=search,Kacamata Sepeda Roadbike Kacamata Gowes Kacamata Kacamata MTB 04,https://ecs7-p.tokopedia.net/img/cache/200-square/product-1/2019/11/26/17109177/17109177_42aefc73-1f00-4f69-9576-7fd1267e3b99_768_768.webp,Rp255.000
https://ta.tokopedia.com/promo/v1/clicks/8a-xgVY2gmUEopHNoAjNHsnDUMVj9RzNrc1i6sJDUSC5rfB7q3YXUsthHmFiPcBWgZUEH_yF6AJNHpJOomFiyRCsUsthHAnFbm-0g9BRQR-j9fBjUstao_rRH_JFHZFiy3zwrfo5rM1i6sURoidpHsraHs1NoprRosJhbm-pHOYDQfri6i-B812kgJxGgBBXZSgjH7NDZ325q1OAZ9o-Q1dFyfFN8B29zSBgHMP2_fB-P7B2PfBxHByOgAUN8u2c692gHsBN3Bo-ojBke9uouJ7p_Bo-r7BWo9giQ1NDZ325q1Y1__uoHj17_32uPV2J3MWqepnF_jz-Hjh9Z_ovuJu7_jzDqV21192vz72D_1PVHJB2PfBiH72F3s-DPuKa1MhszsBF3jo-ojBke3BHe72fyfODQMV9o3gsZJ2f3jx3qMzc69Cqe7jfZ32Cq1hAZSgsQ3hXyurOgMHaqIgszsBF3jo-ojBke3BHe72dgVP383u36_CgufzEZ325q3Jp1Mgq3cxt3_ozq1hAZS2gHsBN3ByNq3oW6_osHBu2_fB-P7B2PfBsHjNfyfO3gMHauMxsQ1N5Z325q1Okyp-HqjON_S2-81N1qpo68MHa_uzVq3gzv_7ibm-Orfua9fBjUstiHmUDUMVDgaUEUMW79fudy3o7UiFiQSuWyMua9fYM9fVjraUEHsnDUMNOQ3-BrBYxgIowrMuhUstaHmFiyfV79fBjraUE3pJRo_KDH_jpHiFh6_1a9ZFiQBYsy3Njq3zxPcuwy3zpUsthHpHDUMVi9RzBrRei6i-6UiFircYpPVYxQcri6i-srcowrfx5rVYOQSJibm-fg9-pq3YXUstiPsUibm-sy9zBgfYa8uYpP3PSg9o79fV7PI-2ySu7gZUE3aUh6AyOUiFiH_jOHiUDUsJdoseibmUh6_H7UiFiHpyi997?r=https%3A%2F%2Fwww.tokopedia.com%2Fprofessionaleyes%2Fkacama-bulat-premium-gratis-lensa-photocromic-full-black-photocromic%3Fsrc%3Dtopads&src=search&ob=23&t=desktop&dv=desktop&is_search=1&page=5&management_type=1&keywords=kacamata,"Kacama Bulat Premium Gratis Lensa photocromic - Full Black, Photocromic",https://ecs7-p.tokopedia.net/img/cache/200-square/VqbcmM/2020/10/30/bba101c6-01c2-440b-a496-20bef7b73fbd.jpg.webp,Rp150.000
https://www.tokopedia.com/kacamatabdg/kacamata-pria-tony-stark-steamfunk-iridium?whid=0,kacamata pria tony stark steamfunk iridium,https://ecs7-p.tokopedia.net/img/cache/200-square/attachment/2020/9/16/66236640/66236640_8f349a4c-03af-40a8-a3f8-b8d398b4f758.jpg.webp,Rp50.000
https://www.tokopedia.com/tokokacamatakita/kacamata-frame-pria-wanita-clip-on-5-lensa-2256-clipon-polarized?whid=0,Kacamata Frame Pria Wanita Clip On 5 Lensa 2256 ClipOn Polarized,https://ecs7-p.tokopedia.net/img/cache/200-square/product-1/2019/2/8/34075747/34075747_eef6451c-4a2c-40cb-899d-a1491a1a1c4d_800_800.jpg.webp,Rp74.500
https://www.tokopedia.com/abckacamata/kacamata-lensa-photocromic-otomatis-rubah-warna-normal-minus-cyilinder?whid=0,kacamata lensa photocromic otomatis rubah warna normal/minus/cyilinder,https://ecs7-p.tokopedia.net/img/cache/200-square/product-1/2020/4/20/5233630/5233630_41357d45-21e6-43a6-9759-5b584a204466_2048_2048.jpg.webp,Rp165.000
https://www.tokopedia.com/revshop/cairan-anti-embun-anti-fog-kacamata?whid=0,Cairan anti embun ( anti fog ) Kacamata,https://ecs7-p.tokopedia.net/img/cache/200-square/product-1/2019/5/1/220754/220754_e2448607-4d2e-4dc4-b785-0bbd2e2413cf_2048_2048.jpg.webp,Rp35.000
https://www.tokopedia.com/joeragankacamata/cairan-pembersih-lensa-kacamata-expo-lens-cleaner-isi-12?whid=0,"Cairan Pembersih Lensa Kacamata Expo, Lens Cleaner isi 12",https://ecs7-p.tokopedia.net/img/cache/200-square/product-1/2017/8/14/0/0_88b2fbe4-8a26-4d95-83b4-152cff57a243_720_535.jpg.webp,Rp50.000
https://www.tokopedia.com/aqilaeyewear/kacamata-baca-anti-radiasi-komputer-1-25?whid=0,Kacamata baca anti radiasi komputer,https://ecs7-p.tokopedia.net/img/cache/200-square/product-1/2020/4/7/754078157/754078157_9f99c91c-3dc0-43cb-b7aa-423ee148998c_2048_2048.jpg.webp,Rp50.000
https://www.tokopedia.com/sirajadamar88opt/kacamata-photocromic-th-2091-lentur-dan-elastis-frame-lensa-hitam-glossy?whid=0,kacamata photocromic TH-2091 lentur dan elastis frame + lensa,https://ecs7-p.tokopedia.net/img/cache/200-square/VqbcmM/2020/11/13/3ba671e2-c360-4d1e-bf4b-13c348dc431c.jpg.webp,Rp180.000
https://www.tokopedia.com/anjarmibi/kacamata-bl-minus-cyilinder-lensa-warna-hitam?whid=0,kacamata BL minus/Cyilinder lensa warna hitam,https://ecs7-p.tokopedia.net/img/cache/200-square/product-1/2020/1/20/540623317/540623317_3ab1eaee-8cb5-4de2-8e18-1a8e1fc11556_2048_2048.jpg.webp,Rp155.000
https://www.tokopedia.com/greyjack/grey-jack-kacamata-anti-radiasi-blueray-photocromic-pria-wanita-1929-hitam?whid=0,GREY JACK/kacamata anti radiasi blueray photocromic pria/wanita 1929,https://ecs7-p.tokopedia.net/img/cache/200-square/product-1/2020/8/23/64777077/64777077_129d4e58-50cb-40d8-8edb-be372bbfa0a6_738_738.webp,Rp179.000
https://www.tokopedia.com/tutons/silicon-stick-on-nose-pad-anti-selip-hidung-ganjalan-kacamata-hitam-1-8?whid=0,Silicon Stick On Nose Pad / Anti Selip Hidung/ ganjalan kacamata,https://ecs7-p.tokopedia.net/img/cache/200-square/product-1/2018/8/11/10733610/10733610_bed1a338-881a-4b39-ad7d-4b07eede71d0_495_478.jpg.webp,Rp12.000
https://ta.tokopedia.com/promo/v1/clicks/8a-xgVY2gmUEosKf6_KFHpHDUMVj9RzNrc1i6sJDUSC5rfB7q3YXUsthHZFiPcBWgZUEH_yF6AJNHpJOomFiyRCsUsthHA1Fbm-0g9BRQR-j9fBjUstaHAyfo_jR6mFiy3zwrfo5rM1i6sURoad7oAUFosKFHs1O6_U7oZFirpowQcYSUstig9BGqMzUZMggQj2fgAo6QJBkQfBoe7BpZ3O6HcoD692qu7gN3_-Sq1Y2Z9P-q9P2y_-3o3ea69BqzsBE3_UN8u2_Z_g-qjVO_uzz8JYJypV-q9P2yM7NPujau3Bvq1jO_9208BB1gRB61pV0_MOZq7h11_CoqBB7332so1O_HACvu7gD_jzooVBWu9PguVV2_JoGPMoWQcNxupuM3jP3POKaQcW-qMY2_1o-r7BW69BxufzFyMFNPfoW63Wju7dF3A-Dq7BkQfBoe7BpZ37N83V9gICiQABEy1rNPOKaQcW-qMY2_1o-r7BXzsVq3JtO3AoZqVtp_3Bvq12agJyNQcuIzM2je7BpZ3N6qMUpZMhyHj2Nysoj8B2_Z_g-qjV2_JoG8Bja69BqusBE3BPc8ujagfBvq1BN_S2sP1NJ19BozVj7_1z-H1N1qRB6zVu2gBJYvZUDUSupg9-wq3ei6iUFUiFiy3hSUstiqRzwg9xxyReibm-XP3Oig9-wQfgwy3zpUstaHmFiQSuWyMua9fVjrOYag9Ji6sUFbm-sy9zwq3zpUs2QH_rO6ZFh6AnpbAJdosuPbm-X9foxQMz2gcV7guYxgIHi6sJpHaFiy3-wPcupPmUEUjdibm-FQRo79fVDgaUEUMoFyOYpqcYF9RuXrZUDUSgBrSo2Qfdi6i-fHiUDUMoxPcuSQR-N9RoOgfPBrRzwy9z7rMBiP9zBUs2QUsJdos1ibmUh6_1aUiFiH_KfomUDUsJNHpeibmUpoi-Pwe?dv=desktop&page=5&management_type=1&t=desktop&r=https%3A%2F%2Fwww.tokopedia.com%2Far-olshop808%2Fkacamata-sepeda-roadbike-kacamata-gowes-kacamata-kacamata-mtb-07%3Fsrc%3Dtopads&is_search=1&keywords=kacamata&src=search&ob=23,Kacamata Sepeda Roadbike Kacamata Gowes Kacamata Kacamata MTB 07,https://ecs7-p.tokopedia.net/img/cache/200-square/product-1/2019/11/26/17109177/17109177_e0ce854e-bd24-4c4c-b43c-564174fc44a1_768_768.webp,Rp255.000
https://ta.tokopedia.com/promo/v1/clicks/8a-xgVY2gmUEopnFoAeO6_UDUMVj9RzNrc1i6sJDUSC5rfB7q3YXUsthHiFiPcBWgZUEH_yF6AJNHpJOomFiyRCsUsthHAnFbm-0g9BRQR-j9fBjUstao_rRH_JFHZFiy3zwrfo5rM1i6sURoidpHsyho_nRHseNo_rDUSHp9fh5gaUEUMuNZM2jZJ2M33NGPMep_Mh-qMY2_1o-r7BW_sCsQABE3BPc8ujagfBvq1BRZ3BRq3JausujHsBN3jyN8Bja69Bq17jfZ32CP1O1__o617BpZ37OPM-W_Mh-qMY2_Ozoo17az_zoqBu73jzqqO2AHAC6zJja_VP-H7Y1z9z6zcht3Bzz8jYIZMhoz71FZ3BRq3UpZSCqHMhO3A-ZQcoc69Cqe7jfZ32Cq1hAZSgsQ3hXyurOgMoUZSgqZVgkgJyNrV2AZ_g-qjV2_JoGPMoWQcNxupuMyp-tPMoc69Cqe7jfZ32Cq1hAZSxjuOgNguyNHVB9gI2-qMY2y_oZgB2yqcxgHOV2_JoG8Bja69BqusB2yf7NHfHau3Bvq1BRZ3BRq3Ha_SgsQugMyp-3qcoW_MY-qMY2_32sHjhk_9B6qj1h_1zs81NJqpV681tNUiFiP9oBrBY2gmUEUsnibm-xQcri6i-0PVYB8cVsPmUDUMNOQ3-BrBY5gBYxgIHi6sUFbm-XP3Oig9-wy3zp9R-BrZUEHsnDUMoxPVY2gIHi6BDhop1dbAJNHpUDH_jOHB7DUMNwyfVXgcBjy9zB9fVjraUEH_Hpbm-xyBY7g9o7Usti_iUDUSC5rRzwy3hSUstiyRCs9RotQRCwP3NhUiFiPMuarfB5QiUEUSyaUiFiyfV7g3P5rSBwrRuSgfupPVYxPIzaq3-OPc1i6BDiH_KfoZUDUsJNo_UibmUh6Ay7UiFiH_jpomUDUsHfUBOY?is_search=1&dv=desktop&r=https%3A%2F%2Fwww.tokopedia.com%2Fprofessionaleyes%2Fkacamata-wanita-bulat-cantik-gratis-lensa-photocromic-black-glossy-photocromic%3Fsrc%3Dtopads&src=search&keywords=kacamata&page=5&t=desktop&ob=23&management_type=1,"Kacamata Wanita Bulat Cantik Gratis Lensa Photocromic - Black Glossy, Photocromic",https://ecs7-p.tokopedia.net/img/cache/200-square/VqbcmM/2020/10/16/528bf2e4-bae3-4dd7-a1fc-5b8ef3702157.jpg.webp,Rp150.000
https://ta.tokopedia.com/promo/v1/clicks/8a-xgVY2gmUEosKf6_KFHpyDUMVj9RzNrc1i6sJDUSC5rfB7q3YXUsthHaFiPcBWgZUEH_yF6AJNHpJOomFiyRCsUsthHA1Fbm-0g9BRQR-j9fBjUstaHAyfo_jR6mFiy3zwrfo5rM1i6sURoad7HAJpH_UFHs1O6_U7bm-pHOYDQfri6i-B812kgJxGgBBXZSgjH7NDZ325q1OAZ9o-Q1dFyfFN8B29zSBgHMP2_fB-P7B2PfBxHByOgAUN8u2c692gHsBN3Bo-ojBke9uouVVd_7zsH1B2PfBiQ_BO3_-uq1Y2Z_uo8MWE3uzS81N_H3W6Qu-0_VzzHJOk39zgqMHO_uHFHJY9zMh6zJ7733OuPOB113BHe72fyfODQMV9o3gqzOgR3A-Dq7BkQfBoe7BpZ37N83V9gICiQABRyf7Nqfz9_sCyHMh0Z325q1OAZ9o-Q_BNyuPjrc-D692xzpBR3A-Dq7BkQfBoe7BpZ3NcHu2yZsuyHO-t3sooq1Y2ZS-jzsBDg1PcqMzAZ9o-QjNkysoGQVKaZSBiHfzE3Bo-ojBke3BHe72E3_UN8u23692qu7gN3_-Sq1Y2Z9B68MoO_jzC8JOEz9BozJjh_Bz081NAZsjibm-Orfua9fBjUstiHmUDUMVDgaUEUMW79fudy3o7UiFiQSuWyMua9fYM9fVjraUEHsnDUMNOQ3-BrBYxgIowrMuhUstaHmFiyfV79fBjraUE3pJRo_jDH_KFHaFh6AyO9ZFiQBYsy3Njq3zxPcuwy3zpUsthHpHDUMVi9RzBrRei6i-6UiFircYpPVYxQcri6i-srcowrfx5rVYOQSJibm-fg9-pq3YXUstiPsUibm-sy9zBgfYa8uYpP3PSg9o79fV7PI-2ySu7gZUE3aUh6AyOUiFiH_jOHiUDUsJdoseibmUh6_H7UiFiHpyi997?page=5&ob=23&management_type=1&is_search=1&keywords=kacamata&t=desktop&src=search&r=https%3A%2F%2Fwww.tokopedia.com%2Far-olshop808%2Fkacamata-sepeda-roadbike-kacamata-gowes-kacamata-kacamata-mtb-02%3Fsrc%3Dtopads&dv=desktop,Kacamata Sepeda Roadbike Kacamata Gowes Kacamata Kacamata MTB 02,https://ecs7-p.tokopedia.net/img/cache/200-square/product-1/2019/11/26/17109177/17109177_8b1490ec-2859-4531-8ba5-95351d896df3_768_768.webp,Rp255.000
https://ta.tokopedia.com/promo/v1/clicks/8a-xgVY2gmUEopUF6_KfHpyDUMVj9RzNrc1i6sJDUSC5rfB7q3YXUsthomFiPcBWgZUEH_yF6AJNHpJOomFiyRCsUstdHAnDUMWB89P5rMzwq3ei6sJOosHO6Andbm-xgVYpyfYagZUEHsrfbsHhopKfo_UdoAU7o_1DUSHp9fh5gaUEUMuNZM2jZJ2M33NGPMep_Mh-qMY2_1o-r7BW_sCsQABE3BPc8ujagfBvq1BN_c2CoJOE_92o8jOE_92o8jOE_92o81BpZ3O7QcuygIgsQu-Myp-6PMoWu3Bvq1BR_c2CH7B2PfBiQ_BO3_-uq1Y2Z_uo8MWE3uzS81N_H3W6Qu-0_VzzHJOk39zgqMHO_uHFHJY9zMh6zJ7733OuPOB113BHe72fyfODQMV9o3gqzOgR3A-Dq7BkQfBoe7BpZ37N83V9gICiQABRyf7Nqfz9_sCyHMh0Z325q1OAZ9o-Q_BNyuPjrc-D692xzpBR3A-Dq7BkQfBoe7BpZ3NcHu2yZsuyHO-t3sooq1Y2ZS-jzsBRy1xGqcHau3BHe72E3_UN8u2363BsQ_jpyp-uq1Y2Z9P-q9P2yp-6PMoWuMgsHBgtyfO6Q7BkQfBoqMHa_c2o8JNEgp-6uJj7_jz-HJN1u3BM1_7YUiFiP9oBrBY2gmUEUsnibm-xQcri6i-0PVYFqI-xrf1ibm-XP3Oig9-wQfgwy3zpUstaHmFiQSuWyMua9fVjrOYag9Ji6sUFbm-sy9zwq3zpUs2QH_rO6ZFh6AnpbAJdosuPbm-X9foxQMz2gcV7guYxgIHi6sJpHaFiy3-wPcupPmUEUjdibm-FQRo79fVDgaUEUMoFyOYpqcYF9RuXrZUDUSgBrSo2Qfdi6i-fHiUDUMoxPcuSQR-N9RoOgfPBrRzwy9z7rMBiP9zBUs2QUsJdos1ibmUh6_1aUiFiH_KfomUDUsJNHpeibmUpoi-Pwe?dv=desktop&r=https%3A%2F%2Fwww.tokopedia.com%2Fraynooptik%2Fkacamata-sunglasses-pria-lensa-photochromic-sporty%3Fsrc%3Dtopads&src=search&management_type=1&t=desktop&is_search=1&keywords=kacamata&ob=23&page=5,Kacamata sunglasses pria lensa photochromic sporty,https://ecs7-p.tokopedia.net/img/cache/200-square/VqbcmM/2020/10/20/0f27cc31-e08b-4760-8570-185679f0478f.jpg.webp,Rp275.000
https://ta.tokopedia.com/promo/v1/clicks/8a-xgVY2gmUEosKf6_KFHpUDUMVj9RzNrc1i6sJDUSC5rfB7q3YXUsthoZFiPcBWgZUEH_yF6AJNHpJOomFiyRCsUsthHA1Fbm-0g9BRQR-j9fBjUstaHAyfo_jR6mFiy3zwrfo5rM1i6sURoadaoArpHAyFHs1O6_U7bm-pHOYDQfri6i-B812kgJxGgBBXZSgjH7NDZ325q1OAZ9o-Q1dFyfFN8B29zSBgHMP2_fB-P7B2PfBxHByOgAUN8u2c692gHsBN3Bo-ojBke9uouVVd_7zsH1B2PfBiQ_BO3_-uq1Y2Z_uo8MWE3uzS81N_H3W6Qu-0_VzzHJOk39zgqMHO_uHFHJY9zMh6zJ7733OuPOB113BHe72fyfODQMV9o3gqzOgR3A-Dq7BkQfBoe7BpZ37N83V9gICiQABRyf7Nqfz9_sCyHMh0Z325q1OAZ9o-Q_BNyuPjrc-D692xzpBR3A-Dq7BkQfBoe7BpZ3NcHu2yZsuyHO-t3sooq1Y2ZS-jzsBDg1PcqMzAZ9o-QjNkysoGQVKaZSBiHfzE3Bo-ojBke3BHe72E3_UN8u23692qu7gN3_-Sq1Y2Z9B68MoO_32zH7OEe_-ozJjh_Bz081NAZsjibm-Orfua9fBjUstiHmUDUMVDgaUEUMW79fudy3o7UiFiQSuWyMua9fYM9fVjraUEHsnDUMNOQ3-BrBYxgIowrMuhUstaHmFiyfV79fBjraUE3pJRo_jDH_KFHaFh6AyO9ZFiQBYsy3Njq3zxPcuwy3zpUsthHpHDUMVi9RzBrRei6i-6UiFircYpPVYxQcri6i-srcowrfx5rVYOQSJibm-fg9-pq3YXUstiPsUibm-sy9zBgfYa8uYpP3PSg9o79fV7PI-2ySu7gZUE3aUh6AyOUiFiH_jOHiUDUsJdoseibmUh6_H7UiFiHpyi997?is_search=1&dv=desktop&r=https%3A%2F%2Fwww.tokopedia.com%2Far-olshop808%2Fkacamata-roadbike-kacamata-gowes-kacamata-hitam-kacamata-sepeda-mtb%3Fsrc%3Dtopads&page=5&management_type=1&keywords=kacamata&t=desktop&src=search&ob=23,Kacamata Roadbike Kacamata Gowes Kacamata Hitam Kacamata Sepeda MTB,https://ecs7-p.tokopedia.net/img/cache/200-square/product-1/2020/9/1/17109177/17109177_3cb7caac-6f68-4d99-b635-9eb6a2a87281_768_768.webp,Rp255.000
https://www.tokopedia.com/webkomputindo/kacamata-steampunk-iron-man-black-red?whid=0,Kacamata Steampunk Iron Man - Black/Red,https://ecs7-p.tokopedia.net/img/cache/200-square/product-1/2018/2/23/24862419/24862419_0cbdab7f-351b-45e8-83e7-481dfa64ff21_714_714.jpg.webp,Rp32.000
https://www.tokopedia.com/ozes0101/kacamata-baca-plus-lipat-lensa-kaca-asli-untuk-pria-wanita?whid=0,kacamata baca (plus) lipat lensa kaca asli untuk pria wanita,https://ecs7-p.tokopedia.net/img/cache/200-square/product-1/2019/4/11/780690/780690_77b7288c-c237-46c9-8464-ac06cee2412f_800_800.jpg.webp,Rp125.000
https://www.tokopedia.com/ichels/anti-slip-kacamata-silicone-merosot-earhook-ear-hook?whid=0,Anti slip kacamata silicone merosot earhook ear hook,https://ecs7-p.tokopedia.net/img/cache/200-square/product-1/2019/12/4/1130951/1130951_0fa369fd-89b5-4465-bfac-1145650df588_1001_1001.jpg.webp,Rp15.000
https://www.tokopedia.com/popluxe/kateluo-130-kacamata-komputer-aluminium-anti-radiasi-pria-frame-ringan-hitam?whid=0,KATELUO 130 Kacamata Komputer Aluminium Anti Radiasi Pria Frame Ringan,https://ecs7-p.tokopedia.net/img/cache/200-square/product-1/2018/7/18/28300625/28300625_36d050e9-a1b7-453d-80cc-b428db58662f_900_900.jpg.webp,Rp179.000
https://www.tokopedia.com/greyjack/grey-jack-kacamata-anti-radiasi-blue-ray-dewasa-kotak-fashion-7042?whid=0,Grey Jack kacamata anti radiasi blue ray dewasa kotak fashion 7042,https://ecs7-p.tokopedia.net/img/cache/200-square/product-1/2020/8/4/64777077/64777077_fc6e8192-6f87-47cc-888b-0eef880109ef_1000_1000.webp,Rp199.000
https://www.tokopedia.com/deyastore/frame-kacamata-minus-tom-ford-square-big-pria-wanita-hitam-doff?whid=0,Frame Kacamata Minus Tom Ford Square Big Pria Wanita,https://ecs7-p.tokopedia.net/img/cache/200-square/product-1/2020/6/23/4010989/4010989_46058cc1-2969-49b8-a2c1-5ed69667cea7_1024_1024.webp,Rp75.000
https://www.tokopedia.com/timurjaya46/face-shiled-kaca-mata-kacamata-bening-pelindung-wajah-apd?whid=0,FACE SHILED KACA MATA KACAMATA BENING Pelindung Wajah APD,https://ecs7-p.tokopedia.net/img/cache/200-square/product-1/2020/7/22/6759330/6759330_b4d2bb1f-01f4-4c79-ac85-ddf2d10e397f_1280_1280.webp,Rp23.680
https://www.tokopedia.com/kasuari/kacamata-lensa-bening-kacamata-sepeda-kacamata-gowes?whid=0,Kacamata Lensa Bening - Kacamata Sepeda - Kacamata Gowes,https://ecs7-p.tokopedia.net/img/cache/200-square/VqbcmM/2020/11/23/43b7e6a7-a831-4971-b09b-cbd21d5df7a1.jpg.webp,Rp50.000
https://www.tokopedia.com/berrybartonoffic/berrybarton-89083-1paket-kacamata-frame-lensa-case-spray-black?whid=0,Berrybarton 89083 1Paket kacamata frame+lensa+case+spray,https://ecs7-p.tokopedia.net/img/cache/200-square/product-1/2020/3/30/85976364/85976364_81114eb6-84c9-4260-b6c9-b87c8ea49a51_800_800.webp,Rp66.000
https://www.tokopedia.com/greyjack/grey-jack-kacamata-clip-on-anti-radiasi-pria-dan-wanita-2063?whid=0,GREY JACK Kacamata Clip on anti radiasi pria dan wanita 2063,https://ecs7-p.tokopedia.net/img/cache/200-square/VqbcmM/2020/11/9/2f8fddfa-c1f4-4619-9cdb-86d91210c531.jpg.webp,Rp199.000
https://www.tokopedia.com/serbagrosirecer/kacamata-pria-tony-stark-style-frame-lensa-photocromic-hitam-frame-saja?whid=0,kacamata pria tony stark style frame + lensa photocromic,https://ecs7-p.tokopedia.net/img/cache/200-square/VqbcmM/2020/9/26/1e44a5b5-95a9-4869-b3a8-2bd5f06e0def.png.webp,Rp125.000
https://www.tokopedia.com/kacamata-bdg/kacamata-steampunk-tony-stark-classic-retro-sunglasses-hitam-dop?whid=0,kacamata steampunk Tony Stark classic retro sunglasses,https://ecs7-p.tokopedia.net/img/cache/200-square/product-1/2020/4/16/7959284/7959284_bdf9b20f-1e2b-434c-8382-36110162e087_1054_1054.jpg.webp,Rp50.000
https://www.tokopedia.com/anjarmibi/kacamata-pria-night-vision-casual-siang-malam-anti-silau?whid=0,kacamata pria night vision casual siang malam anti silau,https://ecs7-p.tokopedia.net/img/cache/200-square/VqbcmM/2020/8/6/8a65d82b-1194-4106-a0d7-d35804e039fe.jpg.webp,Rp55.000
https://www.tokopedia.com/helder-jkt/kacamata-baca-ajaib-one-power-readers-frame-gradasi-packing-dos?whid=0,Kacamata Baca Ajaib ONE POWER READERS Frame Gradasi Packing DOS,https://ecs7-p.tokopedia.net/img/cache/200-square/product-1/2020/6/10/64232797/64232797_92506ac7-1454-455f-93fe-cccf8ddc2dc2_1200_1200.webp,Rp65.000
https://www.tokopedia.com/denrio/kacamata-baca-plus-2-5-lensa-dual-vision-framless?whid=0,Kacamata Baca Plus 2.5 - Lensa Dual Vision Framless,https://ecs7-p.tokopedia.net/img/cache/200-square/product-1/2020/4/23/81551035/81551035_3925eabc-ff87-405b-b804-4bd89b9b30e3_700_700.webp,Rp27.000
https://www.tokopedia.com/helder-jkt/kacamata-minus-half-frame-anti-radiasi-0?whid=0,KACAMATA MINUS HALF FRAME ANTI RADIASI,https://ecs7-p.tokopedia.net/img/cache/200-square/product-1/2020/8/6/64232797/64232797_7f88f045-c8b1-4586-9894-1f9b125f8b0a_1024_1024.webp,Rp65.000
https://www.tokopedia.com/alatterapimata/kacamata-anti-blue-ray-anti-radiasi-komputer-ponsel-android?whid=0,Kacamata anti blue ray anti radiasi komputer ponsel android,https://ecs7-p.tokopedia.net/img/cache/200-square/VqbcmM/2020/11/12/0890019a-43e2-45f1-9356-a8879a16a061.jpg.webp,Rp19.000
https://www.tokopedia.com/tokocds/vision-kacamata-terapi?whid=0,VISION - KACAMATA TERAPI,https://ecs7-p.tokopedia.net/img/cache/200-square/product-1/2019/4/17/46820999/46820999_01701216-dd42-4e03-b3f2-f4251a72ebca_2048_2048.jpg.webp,Rp110.000
https://www.tokopedia.com/ianchen32/kacamata-antivirus-3m-ori-safety-google-1621-af-anti-virus?whid=0,kacamata antivirus / 3M Ori Safety Google 1621 AF Anti Virus,https://ecs7-p.tokopedia.net/img/cache/200-square/product-1/2020/4/25/764419380/764419380_34d25fff-302d-4505-8cea-afd88caa7fd4_640_640.jpg.webp,Rp80.000
https://www.tokopedia.com/wildi/kacamata-terapi-pinhole?whid=0,Kacamata Terapi Pinhole,https://ecs7-p.tokopedia.net/img/cache/200-square/product-1/2016/4/2/378193/378193_87063a68-26d1-488c-a0fa-0d637e6d3949.jpg.webp,Rp21.550
https://www.tokopedia.com/ozes0101/kacamata-untuk-baca-lensa-plus-bahan-semua-plastik-model-pria-wanita?whid=0,KACAMATA UNTUK BACA LENSA PLUS BAHAN SEMUA PLASTIK MODEL PRIA WANITA,https://ecs7-p.tokopedia.net/img/cache/200-square/VqbcmM/2020/7/5/d7fd6a1c-e713-48e5-996e-43a938e28d3f.jpg.webp,Rp39.000
https://www.tokopedia.com/kacamatabdg/kacamata-safety-apd-evo?whid=0,kacamata safety apd evo,https://ecs7-p.tokopedia.net/img/cache/200-square/VqbcmM/2020/5/1/958927f5-5e89-4bdd-8b30-5745325827d8.jpg.webp,Rp65.000
https://www.tokopedia.com/supor/temple-kacamata-karet-silikon-ujung-tangkai-lentur-nyaman-kaki-korea?whid=0,Temple Kacamata karet Silikon ujung tangkai lentur nyaman kaki korea,https://ecs7-p.tokopedia.net/img/cache/200-square/VqbcmM/2020/8/31/962281ff-6394-4782-af15-48bb051a8112.jpg.webp,Rp24.000
https://www.tokopedia.com/figuremaniacc/face-shield-set-kacamata-mika-premium-import-putih?whid=0,Face Shield Set Kacamata + Mika Premium Import,https://ecs7-p.tokopedia.net/img/cache/200-square/VqbcmM/2020/11/14/db06f48d-fc1a-415b-a68e-379ac0bbdb84.jpg.webp,Rp3.500
https://www.tokopedia.com/kacamata8/kacamata-minus-oval-ringan-jarak-jauh?whid=0,KACAMATA MINUS OVAL RINGAN JARAK JAUH,https://ecs7-p.tokopedia.net/img/cache/200-square/product-1/2019/4/19/303604964/303604964_4b55f4b7-2b05-4cb2-a87d-62cd18b5343f_640_640.jpg.webp,Rp28.000
https://www.tokopedia.com/sensemall/kacamata-xiaomi-ts-turok-steinhardt-sunglass-anti-blue-light-original-merah?whid=0,KACAMATA XIAOMI TS TUROK STEINHARDT SUNGLASS ANTI BLUE LIGHT ORIGINAL,https://ecs7-p.tokopedia.net/img/cache/200-square/product-1/2019/7/19/43126452/43126452_8bca7561-3574-4d77-980c-077be1608e3d_1280_1280.webp,Rp191.500
https://www.tokopedia.com/greyjack/grey-jack-kacamata-hitam-pria-sunglasses-1104-hitam-glossy?whid=0,Grey Jack/ Kacamata Hitam Pria/ Sunglasses /1104,https://ecs7-p.tokopedia.net/img/cache/200-square/product-1/2020/10/6/64777077/64777077_cd9febe4-08e1-4775-9169-123f7b74f5ba_1000_1000.webp,Rp179.000
https://www.tokopedia.com/jeepstore-1/ear-hook-hook-earhook-kacamata-silicone-penyangga-kacamata-putih?whid=0,Ear hook hook earhook kacamata silicone penyangga kacamata,https://ecs7-p.tokopedia.net/img/cache/200-square/product-1/2019/11/30/1905436/1905436_a7f9593f-853b-47a7-a83d-6375798426f2_960_960.jpg.webp,Rp5.000
https://www.tokopedia.com/greyjack/grey-jack-kacamata-hitam-pria-dan-wanita-sunglasses-3097-c3?whid=0,Grey Jack/ Kacamata Hitam Pria dan Wanita / Sunglasses / 3097,https://ecs7-p.tokopedia.net/img/cache/200-square/product-1/2020/6/13/64777077/64777077_ffae44dc-09a9-4184-8e08-906d690ba586_1200_1200.webp,Rp199.000
https://www.tokopedia.com/greyjack/grey-jack-kacamata-anti-radiasi-blueray-wanita-tr90-lentur-ringan-2322?whid=0,Grey Jack Kacamata anti radiasi blueray wanita TR90 lentur ringan 2322,https://ecs7-p.tokopedia.net/img/cache/200-square/product-1/2020/8/4/64777077/64777077_c7b8d6ca-d122-409f-bb93-9d0dee553b3a_800_800.webp,Rp199.000
https://www.tokopedia.com/phoenixco/ear-hook-penyangga-kacamata-silicone-bening-l?whid=0,Ear Hook Penyangga Kacamata Silicone,https://ecs7-p.tokopedia.net/img/cache/200-square/VqbcmM/2020/11/20/4f77214a-77c3-4f4e-855d-31e6ed951d2e.jpg.webp,Rp6.900
https://www.tokopedia.com/aqilaeyewear/kacamata-anti-radiasi-komputer-lentur-biru?whid=0,kacamata anti radiasi komputer lentur,https://ecs7-p.tokopedia.net/img/cache/200-square/product-1/2020/4/5/8005098/8005098_ce5101ea-5df1-45b8-abd4-a042c0914310_2048_2048.jpg.webp,Rp50.000
https://www.tokopedia.com/surabayasda/kacamata-anti-radiasi-komputer-hp-tv-laptop?whid=0,Kacamata Anti Radiasi Komputer HP TV laptop,https://ecs7-p.tokopedia.net/img/cache/200-square/product-1/2019/1/30/8228048/8228048_f05385ce-8b32-482f-bef1-7d189ff0fe2c_1000_1000.jpg.webp,Rp57.500
https://www.tokopedia.com/oppaglasses/frame-kacamata-korea-pria-wanita-oppa-op38-sv-full-silver-bulat-minus?whid=0,Frame Kacamata Korea Pria Wanita OPPA OP38 SV Full Silver Bulat Minus,https://ecs7-p.tokopedia.net/img/cache/200-square/product-1/2019/7/3/22878901/22878901_aec98840-3f25-45d9-bacb-3ca6885fc1d5_950_950.webp,Rp99.000
https://www.tokopedia.com/primasupplier/kacamata-anti-silau-hd-vision-1-box-isi-2-untuk-siang-dan-malam?whid=0,Kacamata Anti Silau HD Vision 1 Box Isi 2 Untuk Siang dan Malam,https://ecs7-p.tokopedia.net/img/cache/200-square/product-1/2018/1/18/224228711/224228711_e3d50642-5e89-48f5-905f-0b214b3e240a_700_875.jpg.webp,Rp60.000
https://www.tokopedia.com/ichels/kacamata-alat-reparasi-obeng-earhook-sekrup-nosepad-silicon?whid=0,kacamata alat reparasi obeng earhook sekrup nosepad silicon,https://ecs7-p.tokopedia.net/img/cache/200-square/product-1/2018/1/28/0/0_47c41857-2dbf-4110-9e36-f44389f8b344_800_800.jpg.webp,Rp70.000
https://www.tokopedia.com/kacamataonline/frame-kacamata-minus-pria-wanita-baca-anti-radiasi-puma-kaca-mata-merah?whid=0,frame kacamata minus pria wanita baca anti radiasi puma kaca mata,https://ecs7-p.tokopedia.net/img/cache/200-square/VqbcmM/2020/11/16/6a5d2590-91be-49d1-8692-0ae252bb6f4a.jpg.webp,Rp90.000
https://www.tokopedia.com/tirtarich/frame-kacamata-minus-lentur-london-lensa-antiradiasi?whid=0,Frame Kacamata Minus Lentur LONDON + Lensa Antiradiasi,https://ecs7-p.tokopedia.net/img/cache/200-square/product-1/2018/5/26/859218/859218_fb395e15-fbdd-4dd8-9663-608ecee7719a_720_720.jpg.webp,Rp119.900
https://www.tokopedia.com/mitra-abadi/kacamata-led-kacamata-dj-disco-nongkrong-3-mode-flash-colourful?whid=0,Kacamata LED / Kacamata DJ Disco Nongkrong 3 Mode Flash Colourful,https://ecs7-p.tokopedia.net/img/cache/200-square/product-1/2019/9/2/548741664/548741664_3145ceb2-ebea-4375-913b-bbe8a449db0b_1181_1181.jpg.webp,Rp45.000
https://www.tokopedia.com/aqilaeyewear/kacamata-anti-blueray-anti-radiasi-komputer-312-hitam?whid=0,Kacamata anti blueray / anti radiasi komputer 312,https://ecs7-p.tokopedia.net/img/cache/200-square/product-1/2020/5/1/8005098/8005098_28099245-df08-4da8-b2a2-cbce401a839d_1080_1080.jpg.webp,Rp55.000
https://ta.tokopedia.com/promo/v1/clicks/8a-xgVY2gmUEosU76_1NHsrDUMVj9RzNrc1i6sJDUSC5rfB7q3YXUsthoiFiPcBWgZUEH_yF6AJNHpJOomFiyRCsUsthHAnFbm-0g9BRQR-j9fBjUstaH_efHsjhHmFiy3zwrfo5rM1i6sURoida6AyaoA1Fo_ed6Aedbm-pHOYDQfri6i-B812kgJxGgBBXZSgjH7NDZ325q1OAZ9o-Q1dFyfFN8B29zSBgHMP2_fB-P7B2PfBxHByOgAUN8u2c692gHsBN3Bo-ojBke9uouJ7p_Bo-r7BWo9giQ1NDZ325q1Y1__uoHj17_32uPV2J3MWqepnF_jz-Hjh9Z_ovuJu7_jzDqV21192vz72D_1PVHJB2PfBiH72F3s-DPuKa1MhszsBF3jo-ojBke3BHe72fyfODQMV9o3gsZJ2f3jx3qMzc69Cqe7jfZ32Cq1hAZSgsQ3hXyurOgMHaqIgszsBF3jo-ojBke3BHe72dgVP383u36_CgufzEZ325q3Jp1Mgq3cxt3_ozq1hAZS2gHsBN3ByNq3oW6_osHBu2_fB-P7B2PfBsHjNfyfO3gMHauMxsQ1N5Z325q1Okyp-Hqjj7_M2-HJN1e_V6zcr7_jzSq3gzv_7ibm-Orfua9fBjUstiHmUDUMVDgaUEUMW79fudy3o7UiFiQSuWyMua9fYM9fVjraUEHsnDUMNOQ3-BrBYxgIowrMuhUstaHmFiyfV79fBjraUE3pJRo_KDH_jpHiFh6_1a9ZFiQBYsy3Njq3zxPcuwy3zpUsthHpHDUMVi9RzBrRei6i-6UiFircYpPVYxQcri6i-srcowrfx5rVYOQSJibm-fg9-pq3YXUstiPsUibm-sy9zBgfYa8uYpP3PSg9o79fV7PI-2ySu7gZUE3aUh6AyOUiFiH_jOHiUDUsJdoseibmUh6_H7UiFiHpyi997?t=desktop&dv=desktop&src=search&keywords=kacamata&r=https%3A%2F%2Fwww.tokopedia.com%2Fmitromata%2Fframe-aviator-lensa-supersin-oriental%3Fsrc%3Dtopads&is_search=1&page=5&management_type=1&ob=23,frame Aviator+lensa supersin Oriental,https://ecs7-p.tokopedia.net/img/cache/200-square/VqbcmM/2020/8/21/410585e1-0189-415b-adce-97c5320b5b69.jpg.webp,Rp150.000
https://ta.tokopedia.com/promo/v1/clicks/8a-xgVY2gmUEosKf6_KFoA1DUMVj9RzNrc1i6sJDUSC5rfB7q3YXUsthoaFiPcBWgZUEH_yF6AJNHpJOomFiyRCsUsthHA1Fbm-0g9BRQR-j9fBjUstaHAyfo_jR6mFiy3zwrfo5rM1i6sURoadaHAe76_yFHs1O6_U7oZFirpowQcYSUstig9BGqMzUZMggQj2fgAo6QJBkQfBoe7BpZ3O6HcoD692qu7gN3_-Sq1Y2Z9P-q9P2y_-3o3ea69BqzsBE3_UN8u2_Z_g-qjVO_uzz8JYJypV-q9P2yM7NPujau3Bvq1jO_9208BB1gRB61pV0_MOZq7h11_CoqBB7332so1O_HACvu7gD_jzooVBWu9PguVV2_JoGPMoWQcNxupuM3jP3POKaQcW-qMY2_1o-r7BW69BxufzFyMFNPfoW63Wju7dF3A-Dq7BkQfBoe7BpZ37N83V9gICiQABEy1rNPOKaQcW-qMY2_1o-r7BXzsVq3JtO3AoZqVtp_3Bvq12agJyNQcuIzM2je7BpZ3N6qMUpZMhyHj2Nysoj8B2_Z_g-qjV2_JoG8Bja69BqusBE3BPc8ujagfBvq1BN_S2sP1Oke_C6zcDa_1z-H1N1qRB6zVu2gBJYvZUDUSupg9-wq3ei6iUFUiFiy3hSUstiqRzwg9xxyReibm-XP3Oig9-wQfgwy3zpUstaHmFiQSuWyMua9fVjrOYag9Ji6sUFbm-sy9zwq3zpUs2QH_rO6ZFh6AnpbAJdosuPbm-X9foxQMz2gcV7guYxgIHi6sJpHaFiy3-wPcupPmUEUjdibm-FQRo79fVDgaUEUMoFyOYpqcYF9RuXrZUDUSgBrSo2Qfdi6i-fHiUDUMoxPcuSQR-N9RoOgfPBrRzwy9z7rMBiP9zBUs2QUsJdos1ibmUh6_1aUiFiH_KfomUDUsJNHpeibmUpoi-Pwe?t=desktop&ob=23&management_type=1&dv=desktop&src=search&is_search=1&page=5&r=https%3A%2F%2Fwww.tokopedia.com%2Far-olshop808%2Fkacamata-sepeda-razor-blades-kacamata-razorblades-sunglass-polarized%3Fsrc%3Dtopads&keywords=kacamata,Kacamata Sepeda Razor Blades Kacamata RazorBlades Sunglass Polarized,https://ecs7-p.tokopedia.net/img/cache/200-square/product-1/2020/8/12/17109177/17109177_c191fa17-d24b-4e13-bdca-88b0eb5281ab_768_768.webp,Rp115.000
https://ta.tokopedia.com/promo/v1/clicks/8a-xgVY2gmUEosUaHpJ7HsnDUMVj9RzNrc1i6sJDUSC5rfB7q3YXUsth6mFiPcBWgZUEH_yF6AJNHpJOomFiyRCsUsthHAnFbm-0g9BRQR-j9fBjUstaH_efHsjhHmFiy3zwrfo5rM1i6sURoida6AHNoAeFHAjaH_HfoiFirpowQcYSUstig9BGqMzUZMggQj2fgAo6QJBkQfBoe7BpZ3O6HcoD692qu7gN3_-Sq1Y2Z9P-q9P2y_-3o3ea69BqzsBE3_UN8u2_Z_g-qjVO_uzoH7N_Z9o-Q_ufyMO6QJBkQfBvuJ7O__-VoJOku9zqzV203jHFHJNJZ_-Hu7jp_OzVPJNJQcxquVVE_7PGQJOIz_C-q9P2ysoGrVtaQIuyHB-Dy7yNrV2AZ_g-qjV2_JoGPMoWQcNxupuMy7xGPB2UuM2jzsBF3jo-ojBke3BHe72fyfODQMV9o3gsHMxfy7yNrV2AZ_g-qjV2_JoG8cz9uSBBusjF3uPj8jBkQfBxHO-M3BxtqVjp13BHe72E3_UN8u2363BsQ_jpyp-uq1Y2Z9P-q9P2yp-6PMoWuMgsHBgtyfO6Q7BkQfBoqMHa_c2-oJOEqpC6zJVR_Oz-8JOE3_--QsnYUiFiP9oBrBY2gmUEUsnibm-xQcri6i-0PVYB8cVsPmUDUMNOQ3-BrBY5gBYxgIHi6sUFbm-XP3Oig9-wy3zp9R-BrZUEHsnDUMoxPVY2gIHi6BDhop1dbAJNHpUDH_jOHB7DUMNwyfVXgcBjy9zB9fVjraUEH_Hpbm-xyBY7g9o7Usti_iUDUSC5rRzwy3hSUstiyRCs9RotQRCwP3NhUiFiPMuarfB5QiUEUSyaUiFiyfV7g3P5rSBwrRuSgfupPVYxPIzaq3-OPc1i6BDiH_KfoZUDUsJNo_UibmUh6Ay7UiFiH_jpomUDUsHfUBOY?dv=desktop&management_type=1&ob=23&page=5&t=desktop&r=https%3A%2F%2Fwww.tokopedia.com%2Fmitromata%2Fframe-dior-lensa-blue-ray-hitam%3Fsrc%3Dtopads&src=search&is_search=1&keywords=kacamata,frame Dior+lensa blue ray - Hitam,https://ecs7-p.tokopedia.net/img/cache/200-square/VqbcmM/2020/8/11/0b277f85-8ae4-4461-b352-b18a2eaf8317.jpg.webp,Rp160.000
https://ta.tokopedia.com/promo/v1/clicks/8a-xgVY2gmUEosKf6_KFHpeDUMVj9RzNrc1i6sJDUSC5rfB7q3YXUsth6ZFiPcBWgZUEH_yF6AJNHpJOomFiyRCsUsthHA1Fbm-0g9BRQR-j9fBjUstaHAyfo_jR6mFiy3zwrfo5rM1i6sURoadh6_yO6AHOHs1O6_U7bm-pHOYDQfri6i-B812kgJxGgBBXZSgjH7NDZ325q1OAZ9o-Q1dFyfFN8B29zSBgHMP2_fB-P7B2PfBxHByOgAUN8u2c692gHsBN3Bo-ojBke9uouVVd_7zsH1B2PfBiQ_BO3_-uq1Y2Z_uo8MWE3uzS81N_H3W6Qu-0_VzzHJOk39zgqMHO_uHFHJY9zMh6zJ7733OuPOB113BHe72fyfODQMV9o3gqzOgR3A-Dq7BkQfBoe7BpZ37N83V9gICiQABRyf7Nqfz9_sCyHMh0Z325q1OAZ9o-Q_BNyuPjrc-D692xzpBR3A-Dq7BkQfBoe7BpZ3NcHu2yZsuyHO-t3sooq1Y2ZS-jzsBDg1PcqMzAZ9o-QjNkysoGQVKaZSBiHfzE3Bo-ojBke3BHe72E3_UN8u23692qu7gN3_-Sq1Y2Z9B68MoO_uz0HjN1gR26uJjh_Bz081NAZsjibm-Orfua9fBjUstiHmUDUMVDgaUEUMW79fudy3o7UiFiQSuWyMua9fYM9fVjraUEHsnDUMNOQ3-BrBYxgIowrMuhUstaHmFiyfV79fBjraUE3pJRo_jDH_KFHaFh6AyO9ZFiQBYsy3Njq3zxPcuwy3zpUsthHpHDUMVi9RzBrRei6i-6UiFircYpPVYxQcri6i-srcowrfx5rVYOQSJibm-fg9-pq3YXUstiPsUibm-sy9zBgfYa8uYpP3PSg9o79fV7PI-2ySu7gZUE3aUh6AyOUiFiH_jOHiUDUsJdoseibmUh6_H7UiFiHpyi997?management_type=1&src=search&page=5&t=desktop&r=https%3A%2F%2Fwww.tokopedia.com%2Far-olshop808%2Fkacamata-sepeda-roadbike-kacamata-gowes-kacamata-kacamata-mtb-09%3Fsrc%3Dtopads&is_search=1&keywords=kacamata&ob=23&dv=desktop,Kacamata Sepeda Roadbike Kacamata Gowes Kacamata Kacamata MTB 09,https://ecs7-p.tokopedia.net/img/cache/200-square/product-1/2019/11/26/17109177/17109177_d7fc68eb-e20c-442a-a98b-cb88efc32f36_768_768.webp,Rp255.000
https://ta.tokopedia.com/promo/v1/clicks/8a-xgVY2gmUEopHNoAjNH_rDUMVj9RzNrc1i6sJDUSC5rfB7q3YXUstaHmFiPcBWgZUEH_yF6AJNHpJOomFiyRCsUsthHAnFbm-0g9BRQR-j9fBjUstao_rRH_JFoZFiy3zwrfo5rM1i6sURoZd76_URH_HdopKfHsnhbm-pHOYDQfri6i-B812kgJxGgBBXZSgjH7NDZ325q1OAZ9o-Q1dFyfFN8B29zSBgHMP2_fB-P7B2PfBxHByOgAUN8u2c692gHsBN3Bo-ojBke9uouJ7p_Bo-r7BWo9giQ1NDZ325q1Y1__uoHj17_32uPV2J3MWqepnF_jz-Hjh9Z_ovuJu7_jzDqV21192vz72D_1PVHJB2PfBiH72F3s-DPuKa1MhszsBF3jo-ojBke3BHe72fyfODQMV9o3gsZJ2f3jx3qMzc69Cqe7jfZ32Cq1hAZSgsQ3hXyurOgMHaqIgszsBF3jo-ojBke3BHe72dgVP383u36_CgufzEZ325q3Jp1Mgq3cxt3_ozq1hAZS2gHsBN3ByNq3oW6_osHBu2_fB-P7B2PfBsHjNfyfO3gMHauMxsQ1N5Z325q1OkypVHqBJO_32s8JOEgpovzVBN_1zVq3gzv_7ibm-Orfua9fBjUstiHmUDUMVDgaUEUMW79fudy3o7UiFiQSuWyMua9fYM9fVjraUEHsnDUMNOQ3-BrBYxgIowrMuhUstaHmFiyfV79fBjraUE3pJRo_jDH_KFHaFh6AyO9ZFiQBYsy3Njq3zxPcuwy3zpUsthHpHDUMVi9RzBrRei6i-6UiFircYpPVYxQcri6i-srcowrfx5rVYOQSJibm-fg9-pq3YXUstiPsUibm-sy9zBgfYa8uYpP3PSg9o79fV7PI-2ySu7gZUE3aUh6AyOUiFiH_jOHiUDUsJdoseibmUh6_H7UiFiHpyi997?t=desktop&dv=desktop&ob=23&management_type=1&page=5&r=https%3A%2F%2Fwww.tokopedia.com%2Fprofessionaleyes%2Fkacamata-photocromic-terlaris-gratis-lensa-photocromic-silver-photocromic%3Fsrc%3Dtopads&src=search&is_search=1&keywords=kacamata,"Kacamata Photocromic Terlaris Gratis Lensa Photocromic - Silver, Photocromic",https://ecs7-p.tokopedia.net/img/cache/200-square/VqbcmM/2020/10/16/e87c1fe5-7f25-4c8d-8c6c-f03deff611ad.jpg.webp,Rp150.000
